,Title,CompanyName,Rating,Location,Summary,date,Url,Details
0,Data Scientist,Daimler,4.1,"Bengaluru, Karnataka",Good knowledge of statistical data analysis.Data processing and basic statistical analysis.Must hands-on experience in dashboard building using Power _BI and…,17 days ago,https://www.indeed.com/viewjob?jk=6f105d370ba703bf,Data Scientist Description Responsibilities: Data processing and basic statistical analysis Must han...
1,Data Scientist - Advanced Machine Learning,,,"Bengaluru, Karnataka",>3 years’ experience in data science/Analytics roles.Develop and maintain robust data processing pipelines and reproducible modelling pipelines.,30+ days ago,https://www.indeed.com/viewjob?jk=3a928fe060caf5b4,Role Summary We are looking for Data Scientists to help us create innovative machine learning solut...
2,"Data Scientist - Machine Learning, Deep Learning, NLP",Enterprise Bot,3.3,"Bengaluru, Karnataka",The data scientist will be responsible for design and development of deep learning models based on unstructured and Structured Data.,3 days ago,https://www.indeed.com/viewjob?jk=505a185a491dc5bb,"At Enterprise Bot, we create AI-powered bots to automate customer interactions and provide enterpris..."
3,DATA SCIENTIST,,,"Bengaluru, Karnataka","Working experience in end to end data science project life cycles from use case framing, data collection, data exploration, model building, deployment.",8 days ago,https://www.indeed.com/viewjob?jk=07fcb11ddcfe93e3,We have an urgent requirement for Data Scientist with one of our client. Please find the below requi...
4,Data Scientist,,,"Bengaluru, Karnataka",Build models and analyze medical data collected from healthcare devices and apps.Expose this data to mobile and web apps to build feature set.,30+ days ago,https://www.indeed.com/viewjob?jk=20213db8f043d81b,LOCATION Bangalore TYPE Full Time Looking for: Strong background in Machine Learning and Statistics...
5,WM Data Scientist Lead,"JPMorgan Chase Bank, N.A.",3.9,"Bengaluru, Karnataka","Knowledge of industry wide data trends and best practices.Advanced knowledge of data, application and infrastructure architecture disciplines.",2 days ago,https://www.indeed.com/viewjob?jk=e5cb22b72c6df7ce,As a member of our Predictive Science Group we look first and foremost for people who are passionate...
6,Data Scientist,GSK,4.2,"Bengaluru, Karnataka","Performing data mining to discover nonobvious relationships, building training data, implementing and retraining ML solutions.",10 days ago,https://www.indeed.com/viewjob?jk=5661978474309752,Site Name: Bengaluru Luxor North Tower Posted Date: May 25 2021 GSK is one of the world’s foremost p...
7,Data Scientist,Mercedes-Benz Research and Development India Priva...,4.0,"Bengaluru, Karnataka",Good knowledge of statistical data analysis.Data processing and basic statistical analysis.Must hands-on experience in dashboard building using Power _BI and…,18 days ago,https://www.indeed.com/viewjob?jk=1728449d436535d9,Aufgaben Responsibilities: Data processing and basic statistical analysisMust hands-on experience in...
8,Data Scientist 1,Epsilon India,3.8,"Bengaluru, Karnataka","Exposure to CNN, RNN neural networks based professional projects solving problem in the likes of time series data and image data.",5 days ago,https://www.indeed.com/viewjob?jk=ffcb96bb5c0d0ef2,Contribute and build an internal product library that is focused on solving business problems relate...
9,EBP AI/ML Data Scientist,HP,4.0,"Bengaluru, Karnataka",Invalid data set during execution.Knowledge of data processing techniques and data pre-processing requirements for the common machine learning approaches.,5 days ago,https://www.indeed.com/viewjob?jk=d979f9c1cbd5fbd0,"At HP, we believe in the power of ideas. Our vision is to create technology that makes life better f..."
10,Vice President-Data Scientist-AI/ML,"JPMorgan Chase Bank, N.A.",3.9,"Bengaluru, Karnataka","Minimum 5+ years of working experience as a data scientist.Use large scale data processing frameworks such as Spark, AWS EMR for feature engineering and be…",Today,https://www.indeed.com/viewjob?jk=0eb114f807ff7537,We are looking for a Data Scientist/ML Engineer to join our technology team to solve exciting busine...
11,Data Scientist,Oracle,3.8,"Bengaluru, Karnataka",Experiance with data science packages and tools like Python.Are you a Data Analyst with distributed systems and Big Data experience who wants to dream up new…,1 day ago,https://www.indeed.com/viewjob?jk=6e43db2d9609c7a3,"Are you a seasoned data scientist who has extensive experience working with scaling, storing and ana..."
12,EY- Data And Analytics-data Visualization Expert-32-1,EY,4.0,"Bengaluru, Karnataka",Strong knowledge on data warehousing /data modelling best practices.Working with latest tools available in the market you will help clients by acquiring data…,Today,https://www.indeed.com/viewjob?jk=5345c23e9398685a,"EY-Data & Analytics – Consulting – Visual Analytics Manager As part of our EY-DnA team, you will hel..."
13,Staff Data Scientist,,,"Bengaluru, Karnataka","Hand-on experience in Data Preparation tools – pandas, data table.The improved forecast will help drive down the inventory days of supply and reduce waste for…",30+ days ago,https://www.indeed.com/viewjob?jk=fd7691d5a8482c68,Job Title: Staff Data Scientist Level: IN5 Location: Bangalore About Global Tech Imagine working...
14,Data Scientist,Commonwealth Bank,4.0,"Bengaluru, Karnataka","Deliver business value by interpreting data (including identification of patterns and trends) to solve data-analytics problems, with minimal supervision of a…",30+ days ago,https://www.indeed.com/viewjob?jk=25066d490aaf626a,"At CommBank, we never lose sight of the role we play in other people’s financial wellbeing. Our focu..."
15,Data Scientist,Zeta Global,2.6,"Bengaluru, Karnataka",Empower the product and engineering teams to make data-driven decisions.Experience or willingness to learn tools to create data pipelines using Luigi/Airflow.,2 days ago,https://www.indeed.com/viewjob?jk=5017c601334b1628,About the Job: Zeta Global is looking for an experienced Data Scientist with industry-proven hands-o...
16,Senior Data Scientist,,,"Bengaluru, Karnataka",Minimum 4+ years of experience as data scientist / data analyst.Good statistical analysis skills for data pre-processing and data wrangling.,4 days ago,https://www.indeed.com/viewjob?jk=ccfb297643e5b452,About Parxsys: ParXsys MoBliT Systems Pvt Ltd is a Bengaluru based technology company with offices i...
17,Data Scientist,Great Learning,3.6,"Bengaluru, Karnataka","Automation of manual data collection, data cleansing and exploratory data analysis.Own the student's learning outcomes by providing them with support on the…",30+ days ago,https://www.indeed.com/viewjob?jk=1d2c159b1d758794,"Bangalore, Pune, Chennai Key Responsibilities Own the student's learning outcomes by providing them ..."
18,Data Scientist,Appnomic Systems Pvt. Ltd,4.3,"Bengaluru, Karnataka",Products handle very high volumes of streaming data and perform complex learnings on structured and unstructured data in near real time.,30+ days ago,https://www.indeed.com/viewjob?jk=0e289dffd7de97b6,Company – HEALLocation – BangaloreStatus – Full TimeJob Category – Data ScientistRelevant Work Exper...
19,Data Scientist,IBM,3.9,"Bengaluru, Karnataka","Experience querying databases and using statistical computer languages (R, Python, etc) to manipulate data and draw insights from large data sets.",13 days ago,https://www.indeed.com/viewjob?jk=77970ac025906768,"Introduction As a Data Scientist at IBM, you will help transform our clients’ data into tangible bus..."
20,DATA SCIENTIST / MACHINE LEARNING EXPERT,,,"Bengaluru, Karnataka","Good applied statistics skills, such as distributions, statistical testing, regression, etc.Excellent understanding of Machine learning techniques and…",30+ days ago,https://www.indeed.com/viewjob?jk=825fbbe35cb71f31,"Relevant Experience Good applied statistics skills, such as distributions, statistical testing, regr..."
21,Data Scientist - Machine Learning (Commerce BU),,,"Bengaluru, Karnataka","Procuring data from platform, client and public data sources.Implementing data enrichment and cleansing routines.3+ years of Python programming experience.",30+ days ago,https://www.indeed.com/viewjob?jk=28ed219574b7e67e,"Overview: The Data Science and Machine Learning team works closely with sales, product and engineeri..."
22,"Data Scientist, Machine Learning",,,"Bengaluru, Karnataka","Strong skills in data-structures and ML algorithms.Experience of working on end-to-end data science pipeline: problem scoping, data gathering, EDA, modelling,…",30+ days ago,https://www.indeed.com/viewjob?jk=dc4913ce80a83034,Position Description: The Artificial Intelligence and Machine Learning (AIML) group at Fractal Analy...
23,Data Scientist,RELX Group,4.1,"Bengaluru, Karnataka",Advance the automation and reliability of our core data science processes.Experience working on data science projects that have reached the commercial…,30+ days ago,https://www.indeed.com/viewjob?jk=ee2398dd58184a59,"Elsevier is part of the Reed Elsevier Group plc., which is a world leading provider of professional ..."
24,Data Scientist,ALSTOM,4.0,"Bengaluru, Karnataka","Manage a multidisciplinary team of data engineers, data scientists, machine learning engineers, and big data specialists on a wide variety of data projects.",9 days ago,https://www.indeed.com/viewjob?jk=af76da740f0acf0d,Req ID:111486 We create smart innovations to meet the mobility challenges of today and tomorrow. We ...
25,Data Scientist,,,"Bengaluru, Karnataka","Use industry technologies, tools, and data mining frameworks for data analytics including data visualization for analyzing, optimizing, developing hypotheses,…",9 days ago,https://www.indeed.com/viewjob?jk=0015948f37ffa16b,Description OnPoint Digital Solutions is looking for a Data Scientist to join our Data Science and A...
26,Data Scientist 2,PayPal,3.9,"Bengaluru, Karnataka",Enthusiasm for data-driven problem solving within a fast-paced environment is a must.Risk Decision Scientists apply their analytical and technical skills into…,29 days ago,https://www.indeed.com/viewjob?jk=656a3332b5af1a17,Who we are: Fueled by a fundamental belief that having access to financial services creates opportun...
27,Data Scientist,,,"Bengaluru, Karnataka",Create prototypes with data sets and provide guidance on leveraging and combining new data sources for new business insights.,30+ days ago,https://www.indeed.com/viewjob?jk=a03690c1c3387d7b,"You will be responsible for leading the vision, design and development of scalable Machine Learning ..."
28,Data Scientist,Hewlett Packard Enterprise,3.8,"Bengaluru, Karnataka","Ability to identify emerging trends from market and industry data.Excellent analytical thinking, technical analysis, and data manipulation skills.",30+ days ago,https://www.indeed.com/viewjob?jk=e5e558f8cc03b353,"Defines, manages, and evaluates business plans to ensure they are operationally executable against d..."
29,Data Scientist / Machine Learning,,,"Bengaluru, Karnataka","Assess the effectiveness and accuracy of data sources and data gathering techniques.Conduct data profiling, cataloguing, and data mapping for technical design…",30+ days ago,https://www.indeed.com/viewjob?jk=d3197cf2a9f25b06,Job Description : Machine Learning and Cloud Engineering 50% Designing machine learning pipelines t...
30,Specialist I - Data Scientist,Philips,4.0,"Bengaluru, Karnataka","4 - 7 yrs years of experience in data science.Design and develop project prototypes and solutions.Participate in project estimation, planning and risk…",15 days ago,https://www.indeed.com/viewjob?jk=9680043894cefa30,Job Title Specialist I - Data Scientist Job Description Responsibilities and Key Result Areas Design...
31,Data Scientist - Fuel Economy,Mercedes-Benz Research and Development India Priva...,4.0,"Bengaluru, Karnataka","Experience in data modelling, data analysis, data binding, data classification.Should have hands on experience in large data handling and knowledge of SQL.",30+ days ago,https://www.indeed.com/viewjob?jk=1537f97b4280e875,Aufgaben Qualifications: (those required to do this job effectively): Education Bachelor Engineering...
32,Data Scientist,Wabtec,3.0,"Bengaluru, Karnataka","Evaluate available data sources, clean-up and analysis on large data sets.Experience in working with streaming data.Collaborate well with the team members.",30+ days ago,https://www.indeed.com/viewjob?jk=7c03dd789c4b6f47,"Wabtec Corporation is a leading global provider of equipment, systems, digital solutions and value-a..."
33,Data Scientist -II,EDGE Networks,4.2,"Bengaluru, Karnataka",You should be passionate about working with huge data sets and be someone who loves to bring datasets together to answer business questions.,16 days ago,https://www.indeed.com/viewjob?jk=d74989b907abecea,Details Experience 3+ Years Education Degree in Computer Science or Related discipline Role Data S...
34,Data & Applied Scientist,Microsoft,4.2,"Bengaluru, Karnataka",You will collaborate with top machine learning scientists and engineers in delivering direct business impact.,22 days ago,https://www.indeed.com/viewjob?jk=f69dbb34ed070e1e,"What if your job description were simply “make tomorrow better?” Every day at Microsoft, we bring an..."
35,Data Scientist,NetApp,4.1,"Bengaluru, Karnataka","A master’s degree is data science, data analysis or statistics is preferred.5+ years of experience in data analysis and business insights.",30+ days ago,https://www.indeed.com/viewjob?jk=0ecf7daa04b223d4,Job Summary This Cloud Business Operations Data Scientist will be the primary go to person for all ...
36,Data Scientist,,,"Bengaluru, Karnataka",Develops data clusters for programmatic audience marketing & responsible for data segmentation.Building a data infrastructure to have a holistic view on the…,15 days ago,https://www.indeed.com/viewjob?jk=0696fa8742a0cfb1,We are hiring Data Scientists for our partner (a global consulting company). Experience: 2-4 yearsL...
37,Data Scientist Fraud Specialist,,,"Bengaluru, Karnataka","Identify what data is available and relevant, including internal and external data sources, leveraging new data collection processes such as geo-location or…",30+ days ago,https://www.indeed.com/viewjob?jk=89c5f2631b4c3ef6,Role: Data Scientist – Fraud Modeling Location: Gurgaon / Bengaluru About the Role: The primary foc...
38,Data Scientist: Artificial Intelligence,IBM,3.9,"Bengaluru, Karnataka","You will be involved in the design of data solutions using Artificial Intelligence based technologies like H2O, Tensorflow.",18 days ago,https://www.indeed.com/viewjob?jk=1a9e00b01d31697f,"Introduction As a Data Scientist at IBM, you will help transform our clients’ data into tangible bus..."
39,Data Scientist,NTT DATA Services,3.5,"Bengaluru, Karnataka",Desire Experience – - Product development: 1-2 Years - Data Science components of MS Azure & SQL: 2-3 Years - Reporting platform like MS Power BI or Qlik Sense:…,30+ days ago,https://www.indeed.com/viewjob?jk=7ad3c833c175e383,"NTT DATA Services strives to hire exceptional, innovative and passionate individuals who want to gro..."
40,Data Scientist,Bayer,4.2,"Bengaluru, Karnataka","Demonstrates intermediate proficiency in computational skills and level of experience building data models using R, Python or other statistical and/or…",30+ days ago,https://www.indeed.com/viewjob?jk=19cd430c221ccf48,Bayer is a global enterprise with core competencies in the Life Science fields of health care and ag...
41,"Data Scientist, Engineering",Google,4.3,"Bengaluru, Karnataka","Work with large, complex data sets.2 years of experience in data analysis or related field.At Google, data drives all of our decision-making.",30+ days ago,https://www.indeed.com/viewjob?jk=47c9f63f3a8fc976,Due to the current health crisis related to COVID-19 and the escalating visa/travel restrictions in ...
42,Data Scientist III b,HP,4.0,"Bengaluru, Karnataka",Role Description: The data scientist would be responsible for solving complex business problems in the marketing domain.Proficiency in Marketing and Finance.,5 days ago,https://www.indeed.com/viewjob?jk=764d98313f0328f4,"About Print Analytics As part of the HP Inc. R&D Hub, Print Analytics Team work closely with Print G..."
43,QA Data Science Intern,Altair Engineering,4.2,"Bengaluru, Karnataka","For more than 30 years, we have been helping our customers integrate electronics and controls with mechanical design to expand product value, develop AI,…",28 days ago,https://www.indeed.com/viewjob?jk=ce16622dc3a39637,Transforming the Future with the Convergence of Simulation and Data QA Data Science Intern Do you ...
44,Data Scientist - Time Series Forecasting Expert,,,"Bengaluru, Karnataka",>4 years’ experience in data science/Analytics roles.Develop and maintain robust data processing pipelines and reproducible modelling pipelines.,30+ days ago,https://www.indeed.com/viewjob?jk=04d7437e85a6b370,Role Summary We are looking for Data Scientists to help us create innovative machine learning solut...
45,Data Scientist,,,"Bengaluru, Karnataka","Expertise in working with structured data; apply methods, technologies and techniques that address data architecture, integration and governance of data.",27 days ago,https://www.indeed.com/viewjob?jk=720302674b085f64,Overview: You: You are a data scientist who is passionate about producing data products and strivin...
46,Data Scientist,Yara,4.3,"Bengaluru, Karnataka","Help shape the data team and its procedures.Support the establishment and streamlining of data science operations, from conceptualization to PoC and testing.",30+ days ago,https://www.indeed.com/viewjob?jk=4b3cdf56cea64cd9,"Date posted: May 16, 2021 Location: Bengaluru, KA, IN Job Function: Other Job Type: Permanent Job Re..."
47,Senior Data Scientist - GoFood,,,"Bengaluru, Karnataka","Along with Product Managers, own the business outcomes/metrics driven by the data science model/algorithm.Familiarity with essential data science libraries,…",30+ days ago,https://www.indeed.com/viewjob?jk=f133e792190ebcd5,"Location Bengaluru Work Type Permanent Application Posted February 21, 2021 About the Role They say ..."
48,Data Scientist - Plotly Dash,,,"Bengaluru, Karnataka",Experienced in web crawling and data scraping.Ability to understand the problem statement and implement data science solutions & techniques independently.,30+ days ago,https://www.indeed.com/viewjob?jk=be2eaee4cd0716ef,Job Description - Data Science + Plotly Dash Job Responsibilities: Ability to understand the probl...
49,Data Scientist,,,"Bengaluru, Karnataka","Job Title: Data Scientist Location: Chennai, Coimbatore, Pune , Bangalore, Gurgaon, Hyderabad Experience: 2-12yrs Job Description: Looking for Data…",30+ days ago,https://www.indeed.com/viewjob?jk=5e76bc9f6332307c,"Job Title: Data Scientist Location: Chennai, Coimbatore, Pune , Bangalore, Gurgaon, Hyderabad Exper..."
50,Data Scientist,Aptus Data LAbs,3.0,"Bengaluru, Karnataka","[4] You will act as primary evangelist for the power of data, predictive & prescriptive analysis, optimization & simulation.",30+ days ago,https://www.indeed.com/viewjob?jk=193adf787a627ed8,Job Description Are you looking to take your career to the next level in product/solution developm...
51,Data Scientist,Wabco,3.8,"Bengaluru, Karnataka","Proficient in at least one data visualization tool such as Tableau, Spotfire, PowerBI.Expert knowledge in python data science libraries such as sklearn,…",30+ days ago,https://www.indeed.com/viewjob?jk=153062fb5f32401e,What will you gain working at ZF WABCO Innovative products and technologies Challenging and dynamic ...
52,Lead Data Scientist,Epsilon India,3.8,"Bengaluru, Karnataka","Prior experience in managing a team of data scientists.Prioritizing, planning and delivering data science projects to create business impact while setting a…",Today,https://www.indeed.com/viewjob?jk=444c3156ada10898,What you will enjoy: This position in the Data Science team under the Digital Experience organizatio...
53,Data Scientist,,,"Bengaluru, Karnataka","The data scientist will work closely with software engineers and program managers to deliver end-to-end products, including: data collection in big scale and…",21 days ago,https://www.indeed.com/viewjob?jk=49adc7c9b7df11aa,"Data Scientist Bangalore, IN Responsibilities We are looking for a capable data scientist to join..."
54,Trainee Data Science,,,"Bengaluru, Karnataka","Job Types: Full-time, Contract.Total work: 1 year (Preferred).Temporarily due to COVID-19.",3 days ago,https://www.indeed.com/viewjob?jk=9a05255224d871fa,"We are looking for Trainee Data ScienceContract length: 12 monthsJob Types: Full-time, ContractSalar..."
55,SR Data Scientist,,,"Bengaluru, Karnataka","Experience in applied data science, analytics, data storytelling.Apply your expertise in quantitative analysis, data mining, and the presentation of data to…",30+ days ago,https://www.indeed.com/viewjob?jk=6103851e720933d6,"Overview Position: SR Data Scientist Location: Bangalore, Noida, Gurgoan, Remote Client: Twitter Lon..."
56,Associate Data Scientist-(H/F),Société Générale,3.9,"Bengaluru, Karnataka","Design and architect big data application on Hadoop data lake, manage the full life-cycle of a Hadoop solution.Deep learning knowledge will be added advantage.",21 days ago,https://www.indeed.com/viewjob?jk=f6acdb35e092631d,"Vos missions au quotidien Design and architect big data application on Hadoop data lake, manage the ..."
57,Lead Data Scientist and Machine learning Engineer,Siemens Technology and Services Private Limited,4.0,"Bengaluru, Karnataka","Perform explanatory data analyses, generate and test working hypotheses, prepare and analyze historical data and identify patterns.",30+ days ago,https://www.indeed.com/viewjob?jk=efb6c49c3cd22f3d,Lead Data Scientist and Machine learning Engineer Siemens founded the new business unit Siemens Adva...
58,Data Scientist NLP,,,"Bengaluru, Karnataka",Experienced in web crawling and data scraping.Ability to understand the problem statement and implement data science solutions & techniques independently.,30+ days ago,https://www.indeed.com/viewjob?jk=22e49689071a969d,Job Responsibilities: Ability to understand the problem statement and implement data science soluti...
59,Data Scientist,,,"Bengaluru, Karnataka",2 to 4 years experience as a data scientist.Actively keep up to date on external market and data research and work towards adding data points from external…,30+ days ago,https://www.indeed.com/viewjob?jk=5a1769d1dd286541,"Hello, Truecaller is calling you from India! Ready to pick up? Truecaller transformed how we commun..."
60,QA Data Science Intern,Altair Engineering,4.2,"Bengaluru, Karnataka","For more than 30 years, we have been helping our customers integrate electronics and controls with mechanical design to expand product value, develop AI,…",28 days ago,https://www.indeed.com/viewjob?jk=ce16622dc3a39637,Transforming the Future with the Convergence of Simulation and Data QA Data Science Intern Do you ...
61,Data Scientist,Aptus Data LAbs,3.0,"Bengaluru, Karnataka","[4] You will act as primary evangelist for the power of data, predictive & prescriptive analysis, optimization & simulation.",30+ days ago,https://www.indeed.com/viewjob?jk=193adf787a627ed8,Job Description Are you looking to take your career to the next level in product/solution developm...
62,Senior Data Scientist,Oracle,3.8,"Bengaluru, Karnataka","Test proposed solutions on real data.Write algorithmic specifications for forecasting, optimization, and data mining engines.5 years relevant work experience.",1 day ago,https://www.indeed.com/viewjob?jk=743e4fb387e618ed,We are looking for a Senior Data Scientist who has strong analytical skills in the areas of data min...
63,Data Scientist - Pricing and Promotion Analytics,,,"Bengaluru, Karnataka",Guide and mentor junior data scientists on solution development.Guide and mentor junior data scientists on solution development.,30+ days ago,https://www.indeed.com/viewjob?jk=cda7f84e04e9a7fe,We are looking for Data Scientists to help us create innovative machine learning solutions in promot...
64,Data Scientist - Sales Reports and Analytics,Dell Technologies,4.0,"Bengaluru, Karnataka",Collects and analyzes data required for projects including web scrapping and external vendor research.Develops new methodologies and tools to enable advanced…,30+ days ago,https://www.indeed.com/viewjob?jk=729f8d91bcc05a81,Data Scientist -Sales Reports and Analytics PAG Global Sales Analytics team works toward developing ...
65,Data Scientist,MakeMyTrip,4.0,"Bengaluru, Karnataka",Work with Engineering teams to improve data quality.Explore data and communicate insights clearly to various stakeholders.,30+ days ago,https://www.indeed.com/viewjob?jk=82a9556f1fb36664,"Our Purpose and Challenges With over 47% market-share, MakeMyTrip is India’s first and biggest trave..."
66,SR Data Scientist,,,"Bengaluru, Karnataka","Experience in applied data science, analytics, data storytelling.Apply your expertise in quantitative analysis, data mining, and the presentation of data to…",30+ days ago,https://www.indeed.com/viewjob?jk=6103851e720933d6,"Overview Position: SR Data Scientist Location: Bangalore, Noida, Gurgoan, Remote Client: Twitter Lon..."
67,Expert Data Scientist,HP,4.0,"Bengaluru, Karnataka","Collaborates with peers, junior engineers, data scientists and project team.Fluent in structured and unstructured data, its management, and modern data…",7 days ago,https://www.indeed.com/viewjob?jk=6166f67495914e53,Applies advanced subject matter knowledge to solve complex business issues and is regarded as a subj...
68,Data Scientist,ADCI - Karnataka,3.5,"Bengaluru, Karnataka","5+ years of experience in data extraction, transformation, statistical analysis and data modeling.Experience building solutions using AWS big data and machine…",Today,https://www.indeed.com/viewjob?jk=d46f29ad17e81856,5+ years of experience in software development of large-scale data infrastructure and distributed sy...
69,Data Scientist /software,,,"Bengaluru, Karnataka",BI tools for data visualization like Tableau.5 years of professional experience in a data science.Experience extracting insights from large data sets using…,30+ days ago,https://www.indeed.com/viewjob?jk=5dd735d9a6f57711,Job Description : 5 years of professional experience in a data science BI tools for data visualizat...
70,Data Scientist,Fidelity Investments,4.1,"Bengaluru, Karnataka",Manage and guide data science and data engineering elements of AI projects.Candidate should be expert in handling various data types and structures: structured…,8 days ago,https://www.indeed.com/viewjob?jk=2cabf6b4f20d3ae6,Job Description: Job Title – Data Scientist The Purpose of This Role This role involves working with...
71,Data Scientist,,,"Bengaluru, Karnataka","And conversely, ability to translate business needs and user needs into language and concepts that other data scientists can understand and work with.",30+ days ago,https://www.indeed.com/viewjob?jk=02ddf5d6b08d684f,Noodle's Data Scientists build advanced AI models that change the way our clients do business by emp...
72,Data Scientist,,,"Bengaluru, Karnataka","Understanding of data mining techniques and statistical analysis is important.Candidate should be able to analyse data and discover information, with high…",30+ days ago,https://www.indeed.com/viewjob?jk=861f65548f248b9f,"Candidate should be able to analyse data and discover information, with high level inputs from the f..."
73,Data Scientist - Web Security,Akamai,4.1,"Bengaluru, Karnataka",Reviewing customer data and developing algorithms to improve our Bot Manager product.Display problem solving skills and the ability to develop algorithms using…,30+ days ago,https://www.indeed.com/viewjob?jk=ee1a6702c182a04e,Does the opportunity to drive exceptional security for customers interest you? Would you enjoy handl...
74,Data Scientist,,,"Bengaluru, Karnataka",Build data solutions to solve business problems.A proven track record of solving problems with data.Experience managing data projects from prototype to…,30+ days ago,https://www.indeed.com/viewjob?jk=f8259efe0f107d40,"Kwalee is one of the world’s leading multiplatform game publishers, with well over 600 million downl..."
75,Trainee Data Science,,,"Bengaluru, Karnataka","Experienced professional will not be considered.Job Types: Full-time, Contract.Total work: 1 year (Preferred).",17 days ago,https://www.indeed.com/viewjob?jk=2d9eeff5da1d7b58,We are looking for Trainee in Data Science for our company.QualificationsFresher can applyExperience...
76,BCAI - Senior Data Scientist,Bosch Group,4.1,"Bengaluru, Karnataka","Mine and analyze data, applying statistical methods as necessary, discover the hidden patterns and viewing experiences to identify critical data insights.",2 days ago,https://www.indeed.com/viewjob?jk=fb3f946317523135,Company Description The Bosch Center for Artificial Intelligence (BCAI) provides services in AI tech...
77,Specialist Quantitative Analytics & Data Science,Gartner,3.7,"Bengaluru, Karnataka","Owns data profiling and assessment of data for completeness, accuracy etc.Ability to understand Data Governance policy and framework, data models, lineage,…",5 days ago,https://www.indeed.com/viewjob?jk=15851043247fdaab,What makes Gartner Research & Advisory a GREAT fit for you? When you join the world’s leading Resear...
78,Data Scientist- Marketplace,,,"Bengaluru, Karnataka","In this role, you will get to mine insights from the sea of data, build data products, and design experiments with the ability to see the real-time impact of…",30+ days ago,https://www.indeed.com/viewjob?jk=e493d754aa1e309f,"Location Bengaluru Work Type Permanent Application Posted November 5, 2020 About the Role Climb on b..."
79,Senior Data Scientist,Signify,3.7,"Bengaluru, Karnataka","Applicants will be expected to work with a diverse set of data sources, such as time series data, graph data, semi-structured and unstructured data, and build…",14 days ago,https://www.indeed.com/viewjob?jk=47a7120f2e6451a0,We’re looking for a Senior Data Scientist to join our EIM Advanced Analytics in Bangalore. Working f...
80,Computer Vision Research Scientist - Machine Learning,Mercedes-Benz Research and Development India Priva...,4.0,"Bengaluru, Karnataka","Experience working with synthetic and artificial data to solve real world problems.Experience with object classification, gesture recognition or human pose…",30+ days ago,https://www.indeed.com/viewjob?jk=941742f76d0a9755,Aufgaben Summary: The research scientist will work with a dynamic team of programmers and algorithm ...
81,Business Analytics Internship,,,"Bengaluru, Karnataka","Monitoring reports, perform competitive benchmarking, perform assigned tasks, and highlighting issues or exceptions 2.Should be proficient in SQL, R, Python.",4 days ago,https://www.indeed.com/viewjob?jk=c3e7d99bbd1a9944,"About the company: Qalara, a brand owned by MesIndus Ventures and backed by Reliance Industries, was..."
82,Decision Scientist - Driver Ops,,,"Bengaluru, Karnataka","Build self-serve data products (such as data marts) to reduce time to insights.Our data marts and dashboards fuel the product roadmaps with insights,…",16 days ago,https://www.indeed.com/viewjob?jk=48cb934b6cfb65c3,"About the Role As our Decision Scientist for the Driver Ops team, you'll focus on elevating our driv..."
83,Sr. Data Scientist / Machine learning Expert,,,"Bengaluru, Karnataka","Strong intuition for data and Keen aptitude on large scale data analysis.Dig deeper into data, understand characteristics of data, evaluate alternate models…",30+ days ago,https://www.indeed.com/viewjob?jk=ccdbda3e2dc4f1c7,"The Company You’ll Join At Bidgely, we are working to accelerate a clean energy future by enabling ..."
84,Lead NLP Data Scientist,Rakuten,3.5,"Bengaluru, Karnataka","Lead data mining and data collection procedures from different network elements.Manage a team of data scientists, machine learning engineers and full stack…",16 days ago,https://www.indeed.com/viewjob?jk=2fb01a958c573503,"Lead NLP Data Scientist responsibilities include managing the data science team, planning data scien..."
85,Assistant Manager - Data Scientist,Genpact,3.8,"Bengaluru, Karnataka","High level of intellectual curiosity about the use of data engineering and Analytics.Inviting applications for the role of AM, Data Scientist.",30+ days ago,https://www.indeed.com/viewjob?jk=7debd9515b99e8e1,"Assistant Manager - Data Scientist-BFS013819 With a startup spirit and 90,000+ curious and courageou..."
86,MASTER DATA SCIENTIST,,,"Bengaluru, Karnataka","Experience in diagnosis and prognosis of machines for early detection of signs of failure using ML techniques, using sensor data to analyze trend & patterns for…",30+ days ago,https://www.indeed.com/viewjob?jk=427e82752b40e0ee,The Data Scientist will be part of the Core Data Scientist Team. This team identifies and develops a...
87,Data Scientist II,Honeywell,3.7,"Bengaluru, Karnataka","Develop data modeling, mining, pattern analysis, data visualization and machine learning solutions to address customer needs.",30+ days ago,https://www.indeed.com/viewjob?jk=46f7cad7e6153dd5,Deliver business value through Right and Fast partnership Who We Are Honeywell is a Fortune 100 comp...
88,Decision Scientist,Flipkart,4.1,"Bengaluru, Karnataka","Excellent computational, programming, data management skills.Carrying out a cost benefit comparison of various solutions, not only driven by analytical rigour…",22 days ago,https://www.indeed.com/viewjob?jk=7be6a05c89030c5c,Decision Scientist About Flipkart Flipkart is India’s largest e-commerce marketplace with a regist...
89,Sr. Data Scientist,,,"Bengaluru, Karnataka",Looking for data science researchers.Strong data structures and algorithms capabilities.Enterprise ML and deep learning usecases.Temporarily due to COVID-19.,8 days ago,https://www.indeed.com/viewjob?jk=2a3c1dce57557220,"About Company: -Couture AI Platform provides Pluggable Building Blocks to entireAI stack, which are ..."
90,Senior Data Scientist,Nielsen,3.8,"Bengaluru, Karnataka","Design, Execute and Deliver analytical studies extracting and utilizing data from multiple sources to identify new insights for internal teams.",30+ days ago,https://www.indeed.com/viewjob?jk=ee6adf18e7e14130,"About the Role: Our Data Science team is experimenting, testing, and driving major insights that imp..."
91,Senior Data Scientist - Demand Generation,,,"Bengaluru, Karnataka",This includes designing an efficient loyalty program and the best data driven communication channels for our users.,1 day ago,https://www.indeed.com/viewjob?jk=394905ede1fdc579,"About the Role As our Senior Data Scientist, you will be an integral player in the Demand and Incent..."
92,Data Scientist,CSG,3.6,"Bengaluru, Karnataka","Analyze data to develop predictive models, Identify data patterns and trends.Determine which conclusions warrant a data science project.",30+ days ago,https://www.indeed.com/viewjob?jk=cea45395b9e26f73,Essential Job Functions 20 percent of time collaborate with internal customers to identify trends an...
93,"Advisor, Data Analytics",Cardinal Health,3.5,"Bengaluru, Karnataka","Build, Maintain and Enhance data defect database.Build, Maintain, and Enhance data quality rules.Build, Maintain and Enhance data quality workflows and jobs.",5 days ago,https://www.indeed.com/viewjob?jk=d9172ada095456e5,What Data Governance contributes to Cardinal Health Data Governance is responsible for the disciplin...
94,Data Scientist,,,"Bengaluru, Karnataka",Assess the effectiveness and accuracy of new data sources and data gathering techniques.Build custom data models and machine-learning algorithms to apply to…,30+ days ago,https://www.indeed.com/viewjob?jk=5017bb0e32ca18f3,Experience 1 to 4 years. Summary of position We are looking for a Data Scientist to support our prod...
95,Data Scientist,,,"Bengaluru, Karnataka",Key Skills data scientist Data Analyst machine learning.Extending company’s data with third party sources of information when needed.,9 days ago,https://www.indeed.com/viewjob?jk=aa746f4357b74c83,"Bangalore Responsibilities Selecting features, building and optimizing classifiers using machine le..."
96,Digital Data Scientist,GSK,4.2,"Bengaluru, Karnataka",Preferably Ph.D. with specialised knowledge in data science applied to digital data.Create novel algorithms to extract information from unstructured raw sensor…,30+ days ago,https://www.indeed.com/viewjob?jk=1b615df74e14a11e,Site Name: Bengaluru Luxor North Tower Posted Date: May 25 2021 GSK’s Digital Biomarkers team partne...
97,Data Scientist,,,"Bengaluru, Karnataka","Experience in data visualization concepts and tools.Strong background in relational databases, data modeling and SQL.Experience with Data Quality Controls.",28 days ago,https://www.indeed.com/viewjob?jk=3e434325f1ee0185,Job Description Roles and Responsibilities ORGANISATION A leader in capturing technographics-powered...
98,Sr Data Scientist,General Electric,4.0,"Bengaluru, Karnataka","Work with data engineers on data quality assessment, data cleansing and data analytics.Demonstrated skill at data cleansing, data quality assessment, and using…",30+ days ago,https://www.indeed.com/viewjob?jk=6853afa63a8791cc,"Job Description Summary The Sr Data Scientist will work in teams addressing statistical, machine lea..."
99,Data Scientist,Wells Fargo,3.7,"Bengaluru, Karnataka",Proficiency in data mining and statistical analysis.3 - 6 years of relevant hands on experience in data science and advanced analytics.,23 days ago,https://www.indeed.com/viewjob?jk=5ff94ff79acdaa39,About Wells Fargo Wells Fargo & Company (NYSE: WFC) is a leading global financial services company h...
100,Principal Data Scientist - Bengaluru,,,"Bengaluru, Karnataka","Develop data science roadmap, and guide data scientist to meet their deliverables.Experience designing data science solutions to business problems.",16 days ago,https://www.indeed.com/viewjob?jk=b2cfc7f1a97dd8ec,"Mandate Skills Experience in Programing (Python, R, SQL, NoSQL,Spark) with ML tools & Cloud Technol..."
101,Senior Data Scientist,"JPMorgan Chase Bank, N.A.",3.9,"Bengaluru, Karnataka","Experience in ETL data pipelines both batch and real-time data processing, Data warehousing, NoSQL DB.Experience in big data technologies: Hadoop, Hive, Spark,…",Today,https://www.indeed.com/viewjob?jk=f4c75bdf606077e1,"As the next push into this investment, JPMC is hiring the best talents to join the newly-formed AI e..."
102,Senior Data scientist,Smiths Detection,3.4,"Bengaluru, Karnataka","Understanding of data structures, data modeling and software architecture.Study and transform data science prototypes.",30+ days ago,https://www.indeed.com/viewjob?jk=19a1099b1d11399b,Smiths Detection’s Digital Platform is an innovative global security platform designed to transform ...
103,Data Scientist - Fuel Economy,Daimler,4.1,"Bengaluru, Karnataka","Experience in data modelling, data analysis, data binding, data classification.Should have hands on experience in large data handling and knowledge of SQL.",30+ days ago,https://www.indeed.com/viewjob?jk=d16c4dc3d50a8d6d,Data Scientist - Fuel Economy Description Qualifications: (those required to do this job effectivel...
104,Advanced Analytics Expert - Data Scientist,Hewlett Packard Enterprise,3.8,"Bengaluru, Karnataka",Provide scenario analyses to highlight data deficiencies.Run POCs / Tests / e2e data science life cycles as needed to help adoption/realize value from data.,16 days ago,https://www.indeed.com/viewjob?jk=580d629b467e5db0,HPE Global Operations – Advanced Analytics Expert Hewlett Packard Enterprise creates new possibiliti...
105,Data Scientist,Unnati,3.8,"Bengaluru, Karnataka",Collaborating with data engineers & architects to implement and deploy scalable solutions.His team of top scientists and pedagogy experts are focusing on…,1 day ago,https://www.indeed.com/viewjob?jk=ec11d02b46cca64d,Data Scientist | Analytics Consulting Company Experience: 2.0 - 4.0 Years | CTC: Confidential | Fun...
106,Data Scientist-(H/F),Societe Generale Global Solution Centre Private Li...,3.9,"Bengaluru, Karnataka","Prior experience with data visualization tools, such as D3.js, GGplot, etc..Model design, feature planning, system infrastructure, production setup and…",30+ days ago,https://www.indeed.com/viewjob?jk=949b6acd34599629,"Vos missions au quotidien Model design, feature planning, system infrastructure, production setup a..."
107,Senior Data Scientist - Chatbot & NLP,,,"Bengaluru, Karnataka","We’re a family of 10 data folk who field analytical, decision science, and data science related issues for our consumers, and work to understand their behavior,…",23 days ago,https://www.indeed.com/viewjob?jk=810f2f0bef1b85fc,About the Role Dive with us in developing state of the art Chatbots that take care of our user and e...
108,Data Scientist II,Caterpillar,3.9,"Bengaluru, Karnataka",The Data Scientist II also mentors and develops the capabilities and organizational knowledge of more junior data scientists and associates.,21 days ago,https://www.indeed.com/viewjob?jk=25a8b13b492e3e99,"Description Career Area: Information Analytics Job Description: Caterpillar Inc. is more than big, h..."
109,Staff Data Scientist,Juniper Networks,4.1,"Bengaluru, Karnataka","As a data scientist you will collaborate with product managers and domain specialists to identify use-impacting real customer problems, use your deep DS/ML…",30+ days ago,https://www.indeed.com/viewjob?jk=4f23847c4772ca83,"Data Scientist Mist, a Juniper Company, is the first vendor to bring enterprise-grade Wi-Fi, BLE and..."
110,Senior Data Scientist,PayPal,3.9,"Bengaluru, Karnataka","Collaborate with external partners, including external credit/banking partners and data vendors.Through a combination of technological innovation and strategic…",30+ days ago,https://www.indeed.com/viewjob?jk=f874bbca9aacef57,Who we are: Fueled by a fundamental belief that having access to financial services creates opportun...
111,Data Scientist Lead,"JPMorgan Chase Bank, N.A.",3.9,"Bengaluru, Karnataka",The team is looking for a hands-on senior software manager to build a new team from scratch and lead a small team of 4-5 data scientists.,Today,https://www.indeed.com/viewjob?jk=cc44cbbd4cb2afe3,VP - AI ML Client Services Ops and Tech This role will be responsible for all aspects of software de...
112,Head of Machine Learning Data Engineering,,,"HSR Layout, Bengaluru, Karnataka","Experience in defining strategy, building and running teams of 20+ data engineers or data scientists.Extensive data analysis and interpretation background to…",Just posted,https://www.indeed.com/viewjob?jk=9c983aa19fa7eff6,Company Description BlueOptima provides industry-leading objective metrics in software development u...
113,Head of Machine Learning Data Engineering,TeamViewer GmbH,3.4,"HSR Layout, Bengaluru, Karnataka","Experience in defining strategy, building and running teams of 20+ data engineers or data scientists.Extensive data analysis and interpretation background to…",Just posted,https://www.indeed.com/viewjob?jk=5f900867e4d39457,Company Description BlueOptima provides industry-leading objective metrics in software development u...
114,Data Scientist,Kaplan,3.7,"Bengaluru, Karnataka","Collaborate and help other data scientists.Expertise in statistical methods, statistical analysis, data visualization, and data mining techniques.",30+ days ago,https://www.indeed.com/viewjob?jk=47b79dd7e51313e8,Job Title Data Scientist Job Description Data Scientist (KHE India) Do you have a passion for using ...
115,Data Scientist - Business Analytics,Philips,4.0,"Bengaluru, Karnataka","Ability to present facts based on data and in working with very large quantum of data.Expertize in predictive analytics techniques, and data mining.",30+ days ago,https://www.indeed.com/viewjob?jk=69041975cabdee64,Job Title Data Scientist - Business Analytics Job Description Support business in their decision mak...
116,Lead Data Scientist,freshworks,4.4,"Bengaluru, Karnataka",We have data on both voice and texts.Build efficient systems for processing large amounts of data; be proficient with distributed programming frameworks such…,30+ days ago,https://www.indeed.com/viewjob?jk=b7f3e64270445110,About Freshworks:- Freshworks provides innovative customer engagement software for businesses of all...
117,Data Scientist Technical Lead,Google,4.3,"Bengaluru, Karnataka","12 years of tech industry work experience as a statistician, bioinformatician, or data scientist.At Google, data drives all of our decision-making.",30+ days ago,https://www.indeed.com/viewjob?jk=5fac0180cc71b999,Due to the current health crisis related to COVID-19 and the escalating visa/travel restrictions in ...
118,"Data Scientist, Senior Manager",,,"Bengaluru, Karnataka",Experience managing a team of data scientists and leading them to create business relevant data science solutions.,30+ days ago,https://www.indeed.com/viewjob?jk=d9a730476b9e7301,"Location Bengaluru Work Type Permanent Application Posted March 1, 2021 About the Role Gojek is comm..."
119,Senior Data Scientist,Bewakoof,3.7,"Bengaluru, Karnataka","Lead and mentor a team of data scientists and business analysts.Use relevant statistical measures such as confidence intervals, significance of error…",30+ days ago,https://www.indeed.com/viewjob?jk=0f8f028530f794bb,"Whats it About: Can you understand the business reality and opportunities behind large sets of data,..."
120,Head of Machine Learning Data Engineering,,,"HSR Layout, Bengaluru, Karnataka","Experience in defining strategy, building and running teams of 20+ data engineers or data scientists.Extensive data analysis and interpretation background to…",Just posted,https://www.indeed.com/viewjob?jk=9c983aa19fa7eff6,Company Description BlueOptima provides industry-leading objective metrics in software development u...
121,Head of Machine Learning Data Engineering,TeamViewer GmbH,3.4,"HSR Layout, Bengaluru, Karnataka","Experience in defining strategy, building and running teams of 20+ data engineers or data scientists.Extensive data analysis and interpretation background to…",Just posted,https://www.indeed.com/viewjob?jk=5f900867e4d39457,Company Description BlueOptima provides industry-leading objective metrics in software development u...
122,Data Science,,,"Bengaluru, Karnataka",Extending company's data with third party sources of information when needed.Enhancing data collection procedures to include information that is relevant for…,30+ days ago,https://www.indeed.com/viewjob?jk=4d8408ec9985678f,"Selecting features, building and optimizing classifiers using machine learning techniques. Data mini..."
123,Lead Data Scientist,freshworks,4.4,"Bengaluru, Karnataka",We have data on both voice and texts.Build efficient systems for processing large amounts of data; be proficient with distributed programming frameworks such…,30+ days ago,https://www.indeed.com/viewjob?jk=b7f3e64270445110,About Freshworks:- Freshworks provides innovative customer engagement software for businesses of all...
124,Senior Data Scientist - Machine learning,,,"Bengaluru, Karnataka",Work with data engineers and/or data analysts to procure data and test it for problems.Advanced experience in data visualization tools with a strong grasp of…,6 days ago,https://www.indeed.com/viewjob?jk=15dff068394a640b,About Fractal Fractal is one of the most prominent players in the Artificial Intelligence space. Fr...
125,Manager - Data Scientist,Genpact,3.8,"Bengaluru, Karnataka",Conduct explanatory data analysis and prepare data sources to be analyzed.Think strategically about data as a core enterprise asset and assist in all phases of…,1 day ago,https://www.indeed.com/viewjob?jk=30d5e0593bec1d0d,"Manager - Data Scientist-CPG022467 With a startup spirit and 90,000+ curious and courageous minds, w..."
126,Data Science Analyst,Cigna,3.7,"Bengaluru, Karnataka","Identify data or technology gaps and offer high level requirements.Working knowledge of contact data and channel operations -- IVR, Digital, Chat, EDI, App,…",16 days ago,https://www.indeed.com/viewjob?jk=3777199cef2733fe,
127,Senior Data Scientist,,,"Bengaluru, Karnataka",Perform exploratory and targeted data analyses.Perform feature engineering through extracting meaningful features from measured/derived data.,30+ days ago,https://www.indeed.com/viewjob?jk=44a6d7d38fec9f2a,
128,Lead Data Scientist,AirAsia,4.2,"Bengaluru, Karnataka",Ability to mentor junior data scientists.Research and devise innovative statistical/big data models for data analysis to benefit the whole team.,9 days ago,https://www.indeed.com/viewjob?jk=7c296eebc248a41d,
129,Lead Data Scientist,,,"Bengaluru, Karnataka","5+ years of hands-on experience with analytics, data science and big data experience in a business context.Experience with data visualization and presentation,…",30+ days ago,https://www.indeed.com/viewjob?jk=798b0099f3d69618,
130,NLP Engineer/Scientist,,,"Bengaluru, Karnataka",NLP Scientists are responsible for producing innovative solutions driven by exploratory data analysis from complex and high-dimensional datasets.,30+ days ago,https://www.indeed.com/viewjob?jk=78c72b328d738a94,
131,Principal Data Scientist,,,"Bengaluru, Karnataka","You will be responsible for identifying and building various ML models that can leverage multiple signal sources from both online and instore data, to improve…",22 days ago,https://www.indeed.com/viewjob?jk=b89dfc318ff24d63,
132,Data Scientist / Machine Learning Expert,,,"Bengaluru, Karnataka","Strong intuition for data and Keen aptitude on large scale data analysis.6-9 years of strong experience in data mining, machine learning and statistical…",30+ days ago,https://www.indeed.com/viewjob?jk=6db18db2956c981c,
133,Data Scientist,Arista Networks,4.1,"Bengaluru, Karnataka",Two years of experience in data science/AI technologies.Invent data science algorithms and measure their effectiveness across all of Awake’s customers.,30+ days ago,https://www.indeed.com/viewjob?jk=d64488f701495423,
134,Machine Learning Engineers (MLE-1),Appnomic Systems Pvt. Ltd,4.3,"Bengaluru, Karnataka","Understanding of data structures, data modeling and software architecture.Products handle very high volumes of streaming data and perform complex learnings on…",30+ days ago,https://www.indeed.com/viewjob?jk=df98c4c2adf452d0,
